Metric,Value
MSE,792.2082645462438
MAE,23.094277164235972
