Metric,Value
MSE,630.2377469322464
MAE,20.785035743347553
