Metric,Value
MSE,766.3831532526361
MAE,20.907021586235466
