Metric,Value
MSE,1589.0210791280026
MAE,32.41617378147167
