Metric,Value
MSE,679.6833937296135
MAE,19.75521189527487
