Metric,Value
MSE,2613.019888999534
MAE,33.62864488094072
