Metric,Value
MSE,1413.3347570060105
MAE,29.818138221514555
