Metric,Value
MSE,2802.7633155785225
MAE,41.13421005062835
