Metric,Value
MSE,94.16563192150421
MAE,6.199944395151742
