Metric,Value
MSE,44.536406271409874
MAE,5.668979638635603
