Metric,Value
MSE,152.13527823186664
MAE,8.654793181705786
