Metric,Value
MSE,132.3456211888673
MAE,9.328965068194005
