Metric,Value
MSE,1145.8727547215483
MAE,27.18277616866156
