Metric,Value
MSE,115.80157887168107
MAE,9.407098511405424
