Metric,Value
MSE,108.19890811971355
MAE,6.681846231140166
