Metric,Value
MSE,202.4404978897055
MAE,11.520751275063803
