Metric,Value
MSE,567.2011946412574
MAE,19.77287920510231
