Metric,Value
MSE,89.27872269540458
MAE,6.6396115902763295
