Metric,Value
MSE,173.2678560669169
MAE,11.300106982589988
