Metric,Value
MSE,1133.2992917937395
MAE,26.26157611386464
