Metric,Value
MSE,1921.0291423291849
MAE,37.92416221649773
