Metric,Value
MSE,1539.1650581193837
MAE,33.21006299032079
