Metric,Value
MSE,2022.3493675767397
MAE,36.59795756547045
