Metric,Value
MSE,2073.7933340571444
MAE,36.85558806444729
