Metric,Value
MSE,1700.7694896274238
MAE,34.90455335755853
