Metric,Value
MSE,3493.8356719448443
MAE,46.0877779472766
