Metric,Value
MSE,248.42144800027927
MAE,14.07989857437066
