Metric,Value
MSE,238.26702190476948
MAE,12.96981531616954
