Metric,Value
MSE,168.34286082161415
MAE,11.03218753916138
