Metric,Value
MSE,1197.1515676478778
MAE,27.39328756900803
