Metric,Value
MSE,251.0389540653797
MAE,10.22963914149321
