Metric,Value
MSE,760.9999189762524
MAE,21.63758327332998
