Metric,Value
MSE,1211.6194580528559
MAE,29.990107566470694
