Metric,Value
MSE,3408.4208303789983
MAE,47.811668838302104
