Metric,Value
MSE,482.03317797505
MAE,17.1737612589534
