Metric,Value
MSE,524.6426336649042
MAE,18.623876484934463
