Metric,Value
MSE,1528.3749020302262
MAE,28.07646162435619
