Metric,Value
MSE,572.8099843407732
MAE,20.02355018448898
