Metric,Value
MSE,3550.107203979106
MAE,49.54316370673666
