Metric,Value
MSE,616.7194410095374
MAE,19.364519685437433
