Metric,Value
MSE,1322.737672186506
MAE,22.277474623799733
