Metric,Value
MSE,590.1512329908724
MAE,19.887528593656707
