Metric,Value
MSE,1062.460539128429
MAE,23.383200383687637
