Metric,Value
MSE,645.1065823093344
MAE,22.228978405954596
