Metric,Value
MSE,804.0699248845783
MAE,24.50264341099067
