Metric,Value
MSE,5038.073068860505
MAE,61.061607614113605
