Metric,Value
MSE,1443.6558606148708
MAE,32.32428305675409
