Metric,Value
MSE,1394.7976032114545
MAE,30.87652162213636
