Metric,Value
MSE,820.652898487448
MAE,23.23604319912769
