Metric,Value
MSE,1942.6031878411736
MAE,38.156653315372246
