Metric,Value
MSE,2446.3409227701877
MAE,36.794293603061604
