Metric,Value
MSE,806.24941097987
MAE,23.377293299668427
